name,version,detected_license,source
"adler2","2.0.1","0BSD OR MIT OR Apache-2.0","registry+https://github.com/rust-lang/crates.io-index"
"aho-corasick","1.1.4","Unlicense OR MIT","registry+https://github.com/rust-lang/crates.io-index"
"alloca","0.4.0","MIT","registry+https://github.com/rust-lang/crates.io-index"
"alsa","0.11.0","Apache-2.0/MIT","registry+https://github.com/rust-lang/crates.io-index"
"alsa-sys","0.4.0","MIT","registry+https://github.com/rust-lang/crates.io-index"
"anes","0.1.6","MIT OR Apache-2.0","registry+https://github.com/rust-lang/crates.io-index"
"anstyle","1.0.14","MIT OR Apache-2.0","registry+https://github.com/rust-lang/crates.io-index"
"anyhow","1.0.104","MIT OR Apache-2.0","registry+https://github.com/rust-lang/crates.io-index"
"autocfg","1.5.1","Apache-2.0 OR MIT","registry+https://github.com/rust-lang/crates.io-index"
"bitflags","2.13.1","MIT OR Apache-2.0","registry+https://github.com/rust-lang/crates.io-index"
"block2","0.6.2","MIT","registry+https://github.com/rust-lang/crates.io-index"
"bumpalo","3.20.3","MIT OR Apache-2.0","registry+https://github.com/rust-lang/crates.io-index"
"bytemuck","1.25.2","Zlib OR Apache-2.0 OR MIT","registry+https://github.com/rust-lang/crates.io-index"
"byteorder-lite","0.1.0","Unlicense OR MIT","registry+https://github.com/rust-lang/crates.io-index"
"bytes","1.12.1","MIT","registry+https://github.com/rust-lang/crates.io-index"
"cast","0.3.0","MIT OR Apache-2.0","registry+https://github.com/rust-lang/crates.io-index"
"cc","1.4.0","MIT OR Apache-2.0","registry+https://github.com/rust-lang/crates.io-index"
"cfg_aliases","0.2.2","MIT","registry+https://github.com/rust-lang/crates.io-index"
"cfg-if","1.0.4","MIT OR Apache-2.0","registry+https://github.com/rust-lang/crates.io-index"
"ciborium","0.2.2","Apache-2.0","registry+https://github.com/rust-lang/crates.io-index"
"ciborium-io","0.2.2","Apache-2.0","registry+https://github.com/rust-lang/crates.io-index"
"ciborium-ll","0.2.2","Apache-2.0","registry+https://github.com/rust-lang/crates.io-index"
"clap","4.6.4","MIT OR Apache-2.0","registry+https://github.com/rust-lang/crates.io-index"
"clap_builder","4.6.2","MIT OR Apache-2.0","registry+https://github.com/rust-lang/crates.io-index"
"clap_derive","4.6.4","MIT OR Apache-2.0","registry+https://github.com/rust-lang/crates.io-index"
"clap_lex","1.1.0","MIT OR Apache-2.0","registry+https://github.com/rust-lang/crates.io-index"
"color_quant","1.1.0","MIT","registry+https://github.com/rust-lang/crates.io-index"
"combine","4.6.7","MIT","registry+https://github.com/rust-lang/crates.io-index"
"coreaudio-rs","0.14.2","MIT/Apache-2.0","registry+https://github.com/rust-lang/crates.io-index"
"cpal","0.18.1","Apache-2.0","registry+https://github.com/rust-lang/crates.io-index"
"crc32fast","1.5.0","MIT OR Apache-2.0","registry+https://github.com/rust-lang/crates.io-index"
"criterion","0.8.2","Apache-2.0 OR MIT","registry+https://github.com/rust-lang/crates.io-index"
"criterion-plot","0.8.2","Apache-2.0 OR MIT","registry+https://github.com/rust-lang/crates.io-index"
"crossbeam-channel","0.5.16","MIT OR Apache-2.0","registry+https://github.com/rust-lang/crates.io-index"
"crossbeam-utils","0.8.22","MIT OR Apache-2.0","registry+https://github.com/rust-lang/crates.io-index"
"crossterm","0.29.0","MIT","registry+https://github.com/rust-lang/crates.io-index"
"crossterm_winapi","0.9.1","MIT","registry+https://github.com/rust-lang/crates.io-index"
"crunchy","0.2.4","MIT","registry+https://github.com/rust-lang/crates.io-index"
"ctrlc","3.5.2","MIT/Apache-2.0","registry+https://github.com/rust-lang/crates.io-index"
"dasp_sample","0.11.0","MIT OR Apache-2.0","registry+https://github.com/rust-lang/crates.io-index"
"dispatch2","0.3.1","Zlib OR Apache-2.0 OR MIT","registry+https://github.com/rust-lang/crates.io-index"
"document-features","0.2.12","MIT OR Apache-2.0","registry+https://github.com/rust-lang/crates.io-index"
"either","1.17.0","MIT OR Apache-2.0","registry+https://github.com/rust-lang/crates.io-index"
"equivalent","1.0.2","Apache-2.0 OR MIT","registry+https://github.com/rust-lang/crates.io-index"
"errno","0.3.14","MIT OR Apache-2.0","registry+https://github.com/rust-lang/crates.io-index"
"fastrand","2.5.0","Apache-2.0 OR MIT","registry+https://github.com/rust-lang/crates.io-index"
"fdeflate","0.3.7","MIT OR Apache-2.0","registry+https://github.com/rust-lang/crates.io-index"
"find-msvc-tools","0.1.9","MIT OR Apache-2.0","registry+https://github.com/rust-lang/crates.io-index"
"flate2","1.1.9","MIT OR Apache-2.0","registry+https://github.com/rust-lang/crates.io-index"
"futures-core","0.3.33","MIT OR Apache-2.0","registry+https://github.com/rust-lang/crates.io-index"
"futures-task","0.3.33","MIT OR Apache-2.0","registry+https://github.com/rust-lang/crates.io-index"
"futures-util","0.3.33","MIT OR Apache-2.0","registry+https://github.com/rust-lang/crates.io-index"
"getrandom","0.4.3","MIT OR Apache-2.0","registry+https://github.com/rust-lang/crates.io-index"
"gif","0.14.2","MIT OR Apache-2.0","registry+https://github.com/rust-lang/crates.io-index"
"half","2.7.1","MIT OR Apache-2.0","registry+https://github.com/rust-lang/crates.io-index"
"hashbrown","0.17.1","MIT OR Apache-2.0","registry+https://github.com/rust-lang/crates.io-index"
"heck","0.5.0","MIT OR Apache-2.0","registry+https://github.com/rust-lang/crates.io-index"
"image","0.25.10","MIT OR Apache-2.0","registry+https://github.com/rust-lang/crates.io-index"
"indexmap","2.14.0","Apache-2.0 OR MIT","registry+https://github.com/rust-lang/crates.io-index"
"itertools","0.13.0","MIT OR Apache-2.0","registry+https://github.com/rust-lang/crates.io-index"
"itoa","1.0.18","MIT OR Apache-2.0","registry+https://github.com/rust-lang/crates.io-index"
"jni","0.22.4","MIT OR Apache-2.0","registry+https://github.com/rust-lang/crates.io-index"
"jni-macros","0.22.4","MIT OR Apache-2.0","registry+https://github.com/rust-lang/crates.io-index"
"jni-sys","0.3.1","MIT OR Apache-2.0","registry+https://github.com/rust-lang/crates.io-index"
"jni-sys","0.4.1","MIT OR Apache-2.0","registry+https://github.com/rust-lang/crates.io-index"
"jni-sys-macros","0.4.1","MIT OR Apache-2.0","registry+https://github.com/rust-lang/crates.io-index"
"js-sys","0.3.103","MIT OR Apache-2.0","registry+https://github.com/rust-lang/crates.io-index"
"libc","0.2.189","MIT OR Apache-2.0","registry+https://github.com/rust-lang/crates.io-index"
"linux-raw-sys","0.12.1","Apache-2.0 WITH LLVM-exception OR Apache-2.0 OR MIT","registry+https://github.com/rust-lang/crates.io-index"
"litrs","1.0.0","MIT OR Apache-2.0","registry+https://github.com/rust-lang/crates.io-index"
"lock_api","0.4.14","MIT OR Apache-2.0","registry+https://github.com/rust-lang/crates.io-index"
"log","0.4.33","MIT OR Apache-2.0","registry+https://github.com/rust-lang/crates.io-index"
"mach2","0.6.0","BSD-2-Clause OR MIT OR Apache-2.0","registry+https://github.com/rust-lang/crates.io-index"
"memchr","2.8.3","Unlicense OR MIT","registry+https://github.com/rust-lang/crates.io-index"
"miniz_oxide","0.8.9","MIT OR Zlib OR Apache-2.0","registry+https://github.com/rust-lang/crates.io-index"
"mio","1.2.2","MIT","registry+https://github.com/rust-lang/crates.io-index"
"moxcms","0.8.1","BSD-3-Clause OR Apache-2.0","registry+https://github.com/rust-lang/crates.io-index"
"ndk","0.9.0","MIT OR Apache-2.0","registry+https://github.com/rust-lang/crates.io-index"
"ndk-context","0.1.1","MIT OR Apache-2.0","registry+https://github.com/rust-lang/crates.io-index"
"ndk-sys","0.6.0+11769913","MIT OR Apache-2.0","registry+https://github.com/rust-lang/crates.io-index"
"nix","0.31.3","MIT","registry+https://github.com/rust-lang/crates.io-index"
"num_enum","0.7.6","BSD-3-Clause OR MIT OR Apache-2.0","registry+https://github.com/rust-lang/crates.io-index"
"num_enum_derive","0.7.6","BSD-3-Clause OR MIT OR Apache-2.0","registry+https://github.com/rust-lang/crates.io-index"
"num-derive","0.4.2","MIT OR Apache-2.0","registry+https://github.com/rust-lang/crates.io-index"
"num-traits","0.2.19","MIT OR Apache-2.0","registry+https://github.com/rust-lang/crates.io-index"
"objc2","0.6.4","MIT","registry+https://github.com/rust-lang/crates.io-index"
"objc2-audio-toolbox","0.3.2","Zlib OR Apache-2.0 OR MIT","registry+https://github.com/rust-lang/crates.io-index"
"objc2-avf-audio","0.3.2","Zlib OR Apache-2.0 OR MIT","registry+https://github.com/rust-lang/crates.io-index"
"objc2-core-audio","0.3.2","Zlib OR Apache-2.0 OR MIT","registry+https://github.com/rust-lang/crates.io-index"
"objc2-core-audio-types","0.3.2","Zlib OR Apache-2.0 OR MIT","registry+https://github.com/rust-lang/crates.io-index"
"objc2-core-foundation","0.3.2","Zlib OR Apache-2.0 OR MIT","registry+https://github.com/rust-lang/crates.io-index"
"objc2-encode","4.1.0","MIT","registry+https://github.com/rust-lang/crates.io-index"
"objc2-foundation","0.3.2","MIT","registry+https://github.com/rust-lang/crates.io-index"
"once_cell","1.21.4","MIT OR Apache-2.0","registry+https://github.com/rust-lang/crates.io-index"
"oorandom","11.1.5","MIT","registry+https://github.com/rust-lang/crates.io-index"
"page_size","0.6.0","MIT/Apache-2.0","registry+https://github.com/rust-lang/crates.io-index"
"parking_lot","0.12.5","MIT OR Apache-2.0","registry+https://github.com/rust-lang/crates.io-index"
"parking_lot_core","0.9.12","MIT OR Apache-2.0","registry+https://github.com/rust-lang/crates.io-index"
"pin-project-lite","0.2.17","Apache-2.0 OR MIT","registry+https://github.com/rust-lang/crates.io-index"
"pkg-config","0.3.33","MIT OR Apache-2.0","registry+https://github.com/rust-lang/crates.io-index"
"png","0.18.1","MIT OR Apache-2.0","registry+https://github.com/rust-lang/crates.io-index"
"proc-macro-crate","3.5.0","MIT OR Apache-2.0","registry+https://github.com/rust-lang/crates.io-index"
"proc-macro2","1.0.107","MIT OR Apache-2.0","registry+https://github.com/rust-lang/crates.io-index"
"pxfm","0.1.30","BSD-3-Clause OR Apache-2.0","registry+https://github.com/rust-lang/crates.io-index"
"quote","1.0.47","MIT OR Apache-2.0","registry+https://github.com/rust-lang/crates.io-index"
"r-efi","6.0.0","MIT OR Apache-2.0 OR LGPL-2.1-or-later","registry+https://github.com/rust-lang/crates.io-index"
"redox_syscall","0.5.18","MIT","registry+https://github.com/rust-lang/crates.io-index"
"regex","1.13.1","MIT OR Apache-2.0","registry+https://github.com/rust-lang/crates.io-index"
"regex-automata","0.4.16","MIT OR Apache-2.0","registry+https://github.com/rust-lang/crates.io-index"
"regex-syntax","0.8.11","MIT OR Apache-2.0","registry+https://github.com/rust-lang/crates.io-index"
"rustc_version","0.4.1","MIT OR Apache-2.0","registry+https://github.com/rust-lang/crates.io-index"
"rustix","1.1.4","Apache-2.0 WITH LLVM-exception OR Apache-2.0 OR MIT","registry+https://github.com/rust-lang/crates.io-index"
"rustversion","1.0.23","MIT OR Apache-2.0","registry+https://github.com/rust-lang/crates.io-index"
"same-file","1.0.6","Unlicense/MIT","registry+https://github.com/rust-lang/crates.io-index"
"scopeguard","1.2.0","MIT OR Apache-2.0","registry+https://github.com/rust-lang/crates.io-index"
"semver","1.0.28","MIT OR Apache-2.0","registry+https://github.com/rust-lang/crates.io-index"
"serde","1.0.229","MIT OR Apache-2.0","registry+https://github.com/rust-lang/crates.io-index"
"serde_core","1.0.229","MIT OR Apache-2.0","registry+https://github.com/rust-lang/crates.io-index"
"serde_derive","1.0.229","MIT OR Apache-2.0","registry+https://github.com/rust-lang/crates.io-index"
"serde_json","1.0.151","MIT OR Apache-2.0","registry+https://github.com/rust-lang/crates.io-index"
"shlex","2.0.1","MIT OR Apache-2.0","registry+https://github.com/rust-lang/crates.io-index"
"signal-hook","0.3.18","Apache-2.0/MIT","registry+https://github.com/rust-lang/crates.io-index"
"signal-hook-mio","0.2.5","MIT OR Apache-2.0","registry+https://github.com/rust-lang/crates.io-index"
"signal-hook-registry","1.4.8","MIT OR Apache-2.0","registry+https://github.com/rust-lang/crates.io-index"
"simd_cesu8","1.2.0","Apache-2.0 OR MIT","registry+https://github.com/rust-lang/crates.io-index"
"simd-adler32","0.3.10","MIT","registry+https://github.com/rust-lang/crates.io-index"
"simdutf8","0.1.5","MIT OR Apache-2.0","registry+https://github.com/rust-lang/crates.io-index"
"slab","0.4.12","MIT","registry+https://github.com/rust-lang/crates.io-index"
"smallvec","1.15.2","MIT OR Apache-2.0","registry+https://github.com/rust-lang/crates.io-index"
"strsim","0.11.1","MIT","registry+https://github.com/rust-lang/crates.io-index"
"syn","2.0.119","MIT OR Apache-2.0","registry+https://github.com/rust-lang/crates.io-index"
"syn","3.0.3","MIT OR Apache-2.0","registry+https://github.com/rust-lang/crates.io-index"
"tempfile","3.27.0","MIT OR Apache-2.0","registry+https://github.com/rust-lang/crates.io-index"
"thiserror","1.0.69","MIT OR Apache-2.0","registry+https://github.com/rust-lang/crates.io-index"
"thiserror","2.0.19","MIT OR Apache-2.0","registry+https://github.com/rust-lang/crates.io-index"
"thiserror-impl","1.0.69","MIT OR Apache-2.0","registry+https://github.com/rust-lang/crates.io-index"
"thiserror-impl","2.0.19","MIT OR Apache-2.0","registry+https://github.com/rust-lang/crates.io-index"
"tinytemplate","1.2.1","Apache-2.0 OR MIT","registry+https://github.com/rust-lang/crates.io-index"
"toml_datetime","1.1.1+spec-1.1.0","MIT OR Apache-2.0","registry+https://github.com/rust-lang/crates.io-index"
"toml_edit","0.25.13+spec-1.1.0","MIT OR Apache-2.0","registry+https://github.com/rust-lang/crates.io-index"
"toml_parser","1.1.3+spec-1.1.0","MIT OR Apache-2.0","registry+https://github.com/rust-lang/crates.io-index"
"unicase","2.9.0","MIT OR Apache-2.0","registry+https://github.com/rust-lang/crates.io-index"
"unicode-ident","1.0.24","(MIT OR Apache-2.0) AND Unicode-3.0","registry+https://github.com/rust-lang/crates.io-index"
"unicode-width","0.2.2","MIT OR Apache-2.0","registry+https://github.com/rust-lang/crates.io-index"
"walkdir","2.5.0","Unlicense/MIT","registry+https://github.com/rust-lang/crates.io-index"
"wasi","0.11.1+wasi-snapshot-preview1","Apache-2.0 WITH LLVM-exception OR Apache-2.0 OR MIT","registry+https://github.com/rust-lang/crates.io-index"
"wasm-bindgen","0.2.126","MIT OR Apache-2.0","registry+https://github.com/rust-lang/crates.io-index"
"wasm-bindgen-macro","0.2.126","MIT OR Apache-2.0","registry+https://github.com/rust-lang/crates.io-index"
"wasm-bindgen-macro-support","0.2.126","MIT OR Apache-2.0","registry+https://github.com/rust-lang/crates.io-index"
"wasm-bindgen-shared","0.2.126","MIT OR Apache-2.0","registry+https://github.com/rust-lang/crates.io-index"
"web-sys","0.3.103","MIT OR Apache-2.0","registry+https://github.com/rust-lang/crates.io-index"
"weezl","0.1.12","MIT OR Apache-2.0","registry+https://github.com/rust-lang/crates.io-index"
"winapi","0.3.9","MIT/Apache-2.0","registry+https://github.com/rust-lang/crates.io-index"
"winapi-i686-pc-windows-gnu","0.4.0","MIT/Apache-2.0","registry+https://github.com/rust-lang/crates.io-index"
"winapi-util","0.1.11","Unlicense OR MIT","registry+https://github.com/rust-lang/crates.io-index"
"winapi-x86_64-pc-windows-gnu","0.4.0","MIT/Apache-2.0","registry+https://github.com/rust-lang/crates.io-index"
"windows","0.62.2","MIT OR Apache-2.0","registry+https://github.com/rust-lang/crates.io-index"
"windows-collections","0.3.2","MIT OR Apache-2.0","registry+https://github.com/rust-lang/crates.io-index"
"windows-core","0.62.2","MIT OR Apache-2.0","registry+https://github.com/rust-lang/crates.io-index"
"windows-future","0.3.2","MIT OR Apache-2.0","registry+https://github.com/rust-lang/crates.io-index"
"windows-implement","0.60.2","MIT OR Apache-2.0","registry+https://github.com/rust-lang/crates.io-index"
"windows-interface","0.59.3","MIT OR Apache-2.0","registry+https://github.com/rust-lang/crates.io-index"
"windows-link","0.2.1","MIT OR Apache-2.0","registry+https://github.com/rust-lang/crates.io-index"
"windows-numerics","0.3.1","MIT OR Apache-2.0","registry+https://github.com/rust-lang/crates.io-index"
"windows-result","0.4.1","MIT OR Apache-2.0","registry+https://github.com/rust-lang/crates.io-index"
"windows-strings","0.5.1","MIT OR Apache-2.0","registry+https://github.com/rust-lang/crates.io-index"
"windows-sys","0.61.2","MIT OR Apache-2.0","registry+https://github.com/rust-lang/crates.io-index"
"windows-threading","0.2.1","MIT OR Apache-2.0","registry+https://github.com/rust-lang/crates.io-index"
"winnow","1.0.4","MIT","registry+https://github.com/rust-lang/crates.io-index"
"zerocopy","0.8.55","BSD-2-Clause OR Apache-2.0 OR MIT","registry+https://github.com/rust-lang/crates.io-index"
"zerocopy-derive","0.8.55","BSD-2-Clause OR Apache-2.0 OR MIT","registry+https://github.com/rust-lang/crates.io-index"
"zmij","1.0.23","MIT","registry+https://github.com/rust-lang/crates.io-index"
"zune-core","0.5.1","MIT OR Apache-2.0 OR Zlib","registry+https://github.com/rust-lang/crates.io-index"
"zune-jpeg","0.5.15","MIT OR Apache-2.0 OR Zlib","registry+https://github.com/rust-lang/crates.io-index"
